ID,Movie
1000,Jungle book
1001,Jungle book
1002,Jungle book
1003,Jungle book
1004,Jungle book
1005,Trools
1006,Trools
1007,Trools
1008,Trools
1009,Trools
1010,Wonder woman
1011,Wonder woman
1012,Wonder woman
1013,Wonder woman
1014,Wonder woman
1015,spider man
1016,spider man
1017,spider man
1018,spider man
1019,spider man
1020,Beauty and the beast
1021,Beauty and the beast
1022,Beauty and the beast
1023,Beauty and the beast
1024,Beauty and the beast
1025,Cinderella
1026,Cinderella
1027,Cinderella
1028,Cinderella
1029,Cinderella
